{
  "id": "15228c24-ab14-4a7c-b4ee-b184ab0e45e7",
  "name": "main-frames",
  "isOverridable": true,
  "entries": [
    {
      "value": "main frames",
      "synonyms": [
        "main frames"
      ]
    },
    {
      "value": "key frames",
      "synonyms": [
        "key frames"
      ]
    },
    {
      "value": "how",
      "synonyms": [
        "how"
      ]
    },
    {
      "value": "many",
      "synonyms": [
        "many"
      ]
    }
  ],
  "isEnum": false,
  "automatedExpansion": false
}