{
  "id": "377e60a0-c02e-48f5-9e97-c3ab66f8f94c",
  "name": "summary",
  "isOverridable": true,
  "entries": [
    {
      "value": "summary",
      "synonyms": [
        "summary"
      ]
    },
    {
      "value": "video",
      "synonyms": [
        "video"
      ]
    },
    {
      "value": "frames",
      "synonyms": [
        "frames"
      ]
    },
    {
      "value": "images",
      "synonyms": [
        "images"
      ]
    },
    {
      "value": "number",
      "synonyms": [
        "number"
      ]
    }
  ],
  "isEnum": false,
  "automatedExpansion": false
}