{
  "id": "b8712f1d-0044-4e7b-a740-d3727c899407",
  "name": "video",
  "isOverridable": true,
  "entries": [
    {
      "value": "video",
      "synonyms": [
        "video"
      ]
    },
    {
      "value": "about",
      "synonyms": [
        "about"
      ]
    },
    {
      "value": "tell",
      "synonyms": [
        "tell"
      ]
    },
    {
      "value": "me",
      "synonyms": [
        "me"
      ]
    },
    {
      "value": "something",
      "synonyms": [
        "something"
      ]
    },
    {
      "value": "what",
      "synonyms": [
        "what"
      ]
    }
  ],
  "isEnum": false,
  "automatedExpansion": false
}